-- Clear existing data for fresh start
DELETE FROM students;
DELETE FROM staff;
DELETE FROM classes;
DELETE FROM subjects;
DELETE FROM fees;
DELETE FROM payments;
DELETE FROM announcements;
DELETE FROM schools WHERE id NOT IN ('00000000-0000-0000-0000-000000000001');

-- Insert 3 different schools
INSERT INTO schools (id, name, registration_number, address, phone, email, settings) VALUES 
('21111111-1111-1111-1111-111111111111', 'Green Valley High School', 'GVHS-001', '123 Green Valley Road', '+1-555-0101', 'admin@greenvalley.edu', '{"currency": "USD"}'),
('22222222-2222-2222-2222-222222222222', 'Riverside Elementary', 'RE-002', '456 Riverside Drive', '+1-555-0102', 'admin@riverside.edu', '{"currency": "USD"}'),
('23333333-3333-3333-3333-333333333333', 'Mountview Academy', 'MA-003', '789 Mountain Ave', '+1-555-0103', 'admin@mountview.edu', '{"currency": "EUR"}')
ON CONFLICT DO NOTHING;

-- Insert classes for each school
INSERT INTO classes (id, school_id, name, level, capacity) VALUES
('31111111-1111-1111-1111-111111111101', '21111111-1111-1111-1111-111111111111', 'Grade 9-A', 9, 35),
('31111111-1111-1111-1111-111111111102', '21111111-1111-1111-1111-111111111111', 'Grade 10-A', 10, 38),
('32222222-2222-2222-2222-222222222201', '22222222-2222-2222-2222-222222222222', 'Kindergarten', 0, 25),
('32222222-2222-2222-2222-222222222202', '22222222-2222-2222-2222-222222222222', 'Grade 1-A', 1, 22),
('33333333-3333-3333-3333-333333333301', '23333333-3333-3333-3333-333333333333', 'Primary 1', 1, 28),
('33333333-3333-3333-3333-333333333302', '23333333-3333-3333-3333-333333333333', 'Secondary 1', 7, 32)
ON CONFLICT DO NOTHING;

-- Insert students
INSERT INTO students (id, school_id, first_name, last_name, class_id, gender) VALUES
('41111111-1111-1111-1111-111111111101', '21111111-1111-1111-1111-111111111111', 'Alice', 'Williams', '31111111-1111-1111-1111-111111111101', 'female'),
('41111111-1111-1111-1111-111111111102', '21111111-1111-1111-1111-111111111111', 'Bob', 'Jones', '31111111-1111-1111-1111-111111111101', 'male'),
('42222222-2222-2222-2222-222222222201', '22222222-2222-2222-2222-222222222222', 'Ian', 'King', '32222222-2222-2222-2222-222222222201', 'male'),
('42222222-2222-2222-2222-222222222202', '22222222-2222-2222-2222-222222222222', 'Julia', 'Wright', '32222222-2222-2222-2222-222222222202', 'female'),
('43333333-3333-3333-3333-333333333301', '23333333-3333-3333-3333-333333333333', 'Olivia', 'Green', '33333333-3333-3333-3333-333333333301', 'female'),
('43333333-3333-3333-3333-333333333302', '23333333-3333-3333-3333-333333333333', 'Peter', 'Adams', '33333333-3333-3333-3333-333333333302', 'male')
ON CONFLICT DO NOTHING;

-- Insert staff
INSERT INTO staff (id, school_id, first_name, last_name, role, phone) VALUES
('51111111-1111-1111-1111-111111111101', '21111111-1111-1111-1111-111111111111', 'John', 'Smith', 'principal', '+1-555-1001'),
('52222222-2222-2222-2222-222222222201', '22222222-2222-2222-2222-222222222222', 'Lisa', 'Anderson', 'principal', '+1-555-2001'),
('53333333-3333-3333-3333-333333333301', '23333333-3333-3333-3333-333333333333', 'Patricia', 'Garcia', 'principal', '+1-555-3001')
ON CONFLICT DO NOTHING;

-- Update users to match their schools
UPDATE users SET school_id = '21111111-1111-1111-1111-111111111111' WHERE email = 'admin@greenvalley.edu';
UPDATE users SET school_id = '22222222-2222-2222-2222-222222222222' WHERE email = 'admin@riverside.edu';
UPDATE users SET school_id = '23333333-3333-3333-3333-333333333333' WHERE email = 'admin@mountview.edu';